,protein_id,sequence
0,12asA,AYIAKQRQISFVKSHFSRQLEERLGLIEVQAPILSRVGDGTQDNLSGAEKAVQVKVKALPDAQFEVVHSLAKWKRQTLGQHDFSAGEGLYTHMKALRPDEDRLSPLHSVYVDQWDWERVMGDGERQFSTLKSTVEAIWAGIKATEAAVSEEFGLAPFLPDQIHFVHSQELLSRYPDLDAKGRERAIAKDLGAVFLVGIGGKLSDGHRHDVRAPDYDDWSTPSELGHAGLNGDILVWNPVLEDAFELSSMGIRVDADTLKHQLALTGDEDRLELEWHQALLRGEMPQTIGGGIGQSRLTMLLLQLPHIGQVQAGVWPAAVRESVPSLL
1,139lA,MNIFEMLRIDEGLRLKIYKDTEGYYTIGIGHLLTKSPSLNAAKSELDKAIGRNTNGVITKDEAEKLFCQDVDAAVRGILRNAKLKPVYDSLDCVRRAALINMVFQMGETGVAGFTNSLRMLQQKRWDEAAVNLAKSRWYNQTPNRAKRVITTFRTGTWDAYK
2,169lA,MNIFEMLRIDEGLRLKIYKDTEGYYTIGIGHLLTKSPSLNAAKSELDKAIGRNCNGVITKDEAEKLFNQDVDAAVRGILRNAKLKPVYDSLDAVRRCALINMVFQMGETGVAGFTNSLRMLQQKRWDAAAAALAAAAWAAATPNRAKRVITTFRTGTWDAYK
3,174lA,MNIFEMLRIDEGLRLKIYKDTEGYYTIGIGHLLAAAADLAAAKAALAAAIGRNTNGVITKDEAEKLFNQDVDAAVRGILRNAKLKPVYDSLDAVRRAALINMVFQMGETGVAGFTNSLRMLQQKRWDEAAVNLAKSRWYNQTPNRAKRVITTFRTGTWDAYKNL
4,192lA,MNIFEMLRIDEGLRLKIYKDTEGYYTIGIGHLLTKSPSLAAAKAALAAAIGRNTNGVITKDEAEKLFNQDVDAAVRGILRNAKLKPVYDSLDAVRRAALINMVFQMGETGVAGFTNSLRMLQQKRWAAAAAALAKSRWYNQTPNRAKRVITTFRTGTWDAYK
5,1a03A,MASPLDQAIGLLIGIFHKYSGKEGDKHTLSKKELKELIQKELTIGSKLQDAEIVKLMDDLDRNKDQEVNFQEYITFLGALAMIYNEALKG
6,1a04A,EPATILLIDDHPMLRTGVKQLISMAPDITVVGEASNGEQGIELAESLDPDLILLDLNMPGMNGLETLDKLREKSLSGRIVVFSVSNHEEDVVTALKRGADGYLLKDMEPEDLLKALHQAAAGEMVLSEALTPVLAASLERDVNQLTPRERDILKLIAQGLPNKMIARRLDITESTVKVHVKHMLKKMKLKSRVEAAVWVHQERIF
7,1a0pA,QDLARIEQFLDALWLEKNLAENTLNAYRRDLSMMVEWLHHRGLTLATAQSDDLQALLAERLSSARLLSAVRRLFQYLYREKFREDDPSAHLKDLSEAQVERLLQAPLIDQPLELRDKAMLEVLYATGLRVSELVGLTMSDISLRQGVVRVIGKGNKERLVPLGEEAVYWLETYLEHGRPWLLNGVSIDVLFPSQRAQQMTRQTFWHRIKHYAVLAGIDSEKLSPHVLRHAFATHLLNHGADLRVVQMLLSDLSTTQIYTHVATERLRQLHQ
8,1a0qL,IELTQSPSSLSASLGGKVTITCKASQDIKKYIGWYQHKPGKQPRLLIHYTSTLLPGIPSRFRGSGSGRDYSFSISNLEPEDIATYYCLQYYNLRTFGGGTKLEIKRADAAPTVSIFPPSSEQLTSGGASVVCFLNNFYSKDINVKWKIDGSERQNGVLNSWTDQDSKDSTYSMSSTLTLTKDEYERHNSYTCEATHKTSTSPIVKSFNRNE
9,1a12A,KKVKVSHRSHSTEPGLVLTLGQGDVGQLGLGENVMERKKPALVSIPEDVVQAEAGGMHTVCLSKSGQVYSFGCNDEGALGRDTSVEGSEMVPGKVELQEKVVQVSAGDSHTAALTDDGRVFLWGSFRDNNGVIGLLEPMKKSMVPVQVQLDVPVVKVASGNDHLVMLTADGDLYTLGCGEQGQLGRVPELFANRGGRQGLERLLVPKCVMLKSRGSRGHVRFQDAFCGAYFTFAISHEGHVYGFGLSNYHQLGTPGTESCFIPQNLTSFKNSTKSWVGFSGGQHHTVCMDSEGKAYSLGRAEYGRLGLGEGAEEKSIPTLISRLPAVSSVACGASVGYAVTKDGRVFAWGMGTNYQLGTGQDEDAWSPVEMMGKQLENRVVLSVSSGGQHTVLLVKDKEQS
10,1a14H,QVQLQQSGAELVKPGASVRMSCKASGYTFTNYNMYWVKQSPGQGLEWIGIFYPGNGDTSYNQKFKDKATLTADKSSNTAYMQLSSLTSEDSAVYYCARSGGSYRYDGGFDYWGQGTTVTV
11,1a1xA,AGEDVGAPPDHLWVHQEGIYRDEYQRTWVAVVEEETSFLRARVQQIQVPLGDAARPSHLLTSQLPLMWQLYPEERYMDNNSRLWQIQHHLMVRGVQELLLKLLPDD
12,1a2yB,QVQLQESGPGLVAPSQSLSITCTVSGFSLTGYGVNWVRQPPGKGLEWLGMIWGDGNTDYNSALKSRLSISKDNSKSQVFLKMNSLHTDDTARYYCARERDYRLDYWGQGTTLTVSS
13,1a3wA,SRLERLTSLSDLRRTSIIGTIGPKTNNPETLVALRKAGLNIVRMNFSHGSYEYHKSVIDNARKSEELYPGRPLAIALDTKGPEIRTGTTTNDVDYPIPPNHEMIFTTDDKYAKACDDKIMYVDYKNITKVISAGRIIYVDDGVLSFQVLEVVDTLKVKALNAGKICSHKGVNLPGTDVDLPALSEKDKEDLRFGVKNGVHMVFASFIRTANDVLTIREVLGEQGKDVKIIVKIENQQGVNNFDEILKVTDGVMVARGDLGIEIPAPEVLAVQKKLIAKSNLAGKPVICATQMLESMTYNPRPTRAEVSDVGNAILDGADCVMLSGETAKGNYPINAVTTMAETAVIAEQAIAYLPNYDDMRNCTPKPTSTTETVAASAVAAVFEQKAKAIIVLSTSGTTPRLVSKYRPNCPIILVTRCPRAARFSHLYRGVFPFVFEKEPVSDWTDDVEARINFGIEKAKEFGILKKGDTYVSIQGFKAGAGHSNTLQVSTV
14,1a4eA,DVREDRVVTNSTGNPINEPFVTQRIGEHGPLLLQDYNLIDSLAHFNRENIPQRNPHAHGSGAFGYFEVTDDITDICGSAMFSKIGKRTKCLTRFSTVGGDKGSADTVRDPRGFATKFYTEEGNLDWVYNNTPVFFIRDPSKFPHFIHTQKRNPQTNLRDADMFWDFLTTPENQVAIHQVMILFSDRGTPANYRSMHGYSGHTYKWSNKNGDWHYVQVHIKTDQGIKNLTIEEATKIAGSNPDYCQQDLFEAIQNGNYPSWTVYIQTMTERDAKKLPFSVFDLTKVWPQGQFPLRRVGKIVLNENPLNFFAQVEQAAFAPSTTVPYQEASADPVLQARLFSYADAHRYRLGPNFHQIPVNCPYASKFFNPAIRDGPMNVNGNFGSEPTYLANDKSYTYIQQDRPIQQHQEVWNGPAIPYHWATSPGDVDFVQARNLYRVLGKQPGQQKNLAYNIGIHVEGACPQIQQRVYDMFARVDKGLSEAIKKVAE
15,1a4jA,ELVMTQTPLSLPVSLGDQASISCRSSQSLVHSNGNTYLHWYLQKPGQSPKLLIYKVSNRFSGVPDRFSGSGSGTDFTLKISRVEAEDLGVYFCSQSTHVPPTFGGGTKLEIKRTVAAPSVFIFPPSDEQLKSGTASVVCLLNNFYPREAKVQWKVDNALQSGNSQESVTEQDSKDSTYSLSSTLTLSKADYEKHKVYACEVTHQGLSSPVTKSFNRG
16,1a59A,EPTIHKGLAGVTADVTAISKVNSDTNSLLYRGYPVQELAAKCSFEQVAYLLWNSELPNDSELKAFVNFERSHRKLDENVKGAIDLLSTACHPMDVARTAVSVLGANHARAQDSSPEANLEKAMSLLATFPSVVAYDQRRRRGEELIEPREDLDYSANFLWMTFGEEAAPEVVEAFNVSMILYAEHSFNASTFTARVITSTLADLHSAVTGAIGALKGPLHGGANEAVMHTFEEIGIRKDESLDEAATRSKAWMVDALAQKKKVMGFGHRVYKNGDSRVPTMKSALDAMIKHYDRPEMLGLYNGLEAAMEEAKQIKPNLDYPAGPTYNLMGFDTEMFTPLFIAARITGWTAHIMEQVADNALIRPLSEYNGPEQRQVP
17,1a5lC,SNISRQAYADMFGPTVGDKVRLADTELWIEVEDDLTTYGEEVKFGGGKVIRDGMGQGQMLAADCVDLVLTNALIVDHWGIVKADIGVKDGRIFAIGKAGNPDIQPNVTIPIGAATEVIAAEGKIVTAGGIDTHIHWICPQQAEEALVSGVTTMVGGGTGPAAGTHATTCTPGPWYISRMLQAADSLPVNIGLLGKGNVSQPDALREQVAAGVIGLCIHEDWGATPAAIDCALTVADEMDIQVALHSDTLNESGFVEDTLAAIGGRTIHTFHTEGAGGGHAPDIITACAHPNILPSSTNPTLPYTLNTRETIAAEDVLHDLGAFSLTSSDSQAMGRVGEVILRTWQVAHRMKVQRGALAEETGDNDNFRVKRYIAKYTINPALTHGIAHEVGSIEVGKLADLVVWSPAFFGVKPATVIKGGMIAIAPMGDINASIPTPQPVHYRPMFGALGSARHHCRLTFLSQAAAANGVAERLNLRSAIAVVKGCRTVQKADMVHNSLQPNITVDAQTYEVRVDGELITSEPADVLPMAQRYFLF
18,1a5tA,MRWYPWLRPDFEKLVASYQAGRGHHALLIQALPGMGDDALIYALSRYLLCQQPQGHKSCGHCRGCQLMQAGTHPDYYTLAPEKGKNTLGVDAVREVTEKLNEHARLGGAKVVWVTDAALLTDAAANALLKTLEEPPAETWFFLATREPERLLATLRSRCRLHYLAPPPEQYAVTWLSREVTMSQDALLAALRLSAGSPGAALALFQGDNWQARETLCQALAYSVPSGDWYSLLAALNHEQAPARLHWLATLLMDALKRVTNVDVPGLVAELANHLSPSRLQAILGDVCHIREQLMSVTGINRELLITDLLLRIEHYLQPGVVLP
19,1a6jB,MTNNDTTLQLSSVLNRECTRSRVHCQSKKRALEIISELAAKQLSLPPQVVFEAILTREKMGSTGIGNGIAIPHGKLEEDTLRAVGVFVQLETPIAFDAIDNQPVDLLFALLVPADQTKTHLHTLSLVAKRLADKTICRRLRAAQSDEELYQIITDTE
20,1a76A,GVQFGDFIPKNIISFEDLKGKKVAIDGMNALYQFLTSIRLRDGSPLRNRKGEITSAYNGVFYKTIHLLENDITPIWVFDGEPPKLKEKTRKVRREMKEKAELKMKEAIKKEDFEEAAKYAKRVSYLTPKMVENCKYLLSLMGIPYVEAPSEGEAQASYMAKKGDVWAVVSQDYDALLYGAPRVVRNLTTTKEMPELIELNEVLEDLRISLDDLIDIAIFMGTDYNPGGVKGIGFKRAYELVRSGVAKDVLKKEVEYYDEIKRIFKEPKVTDNYSLSLKLPDKEGIIKFLVDENDFNYDRVKKHVDKLYNLIANKT
21,1a79A,KITGLLDGDRVIVFDKNGISKLSARHYGNVEGNFLSLSLVEALYLINLGWLEVKYKDNKPLSFEELYEYARNVEERLCLKYLVYKDLRTRGYIVKTGLKYGADFRLYERGANIDKEHSVYLVKVFPEDSSFLLSELTGFVRVAHSVRKKLLIAIVDADGDIVYYNMTYVKP
22,1a7mA,SPLPITPVNATCAIRHPCHGNLMNQIKNQLAQLNGSANALFISYYTAQGEPFPNNLDKLCGPNVTDFPPFHANGTEKAKLVELYRMVAYLSASLTNITRDQKVLNPSAVSLHSKLNATIDVMRGLLSNVLCRLCNKYRVGHVDVPPVPDHSDKEVFQKKKLGCQLLGTYKQVISVVVQAF
23,1a7sA,IVGGRKARPRQFPFLASIQNQGRHFCGGALIHARFVMTAASCFPGVSTVVLGAYDLRRRERQSRQTFSISSMSENGYDPQQNLNDLMLLQLDREANLTSSVTILPLPLQNATVEAGTRCQVAGWGSQRSGGRLSRFPRFVNVTVTPEDQCRPNNVCTGVLTRRGGICNGDGGTPLVCEGLAHGVASFSLGPCGRGPDFFTRVALFRDWIDGVLNNPGPGPA
24,1a7wA,MELPIAPIGRIIKDAGAERVSDDARITLAKILEEMGRDIASEAIKLARHAGRKTIKAEDIELAVRRFK
25,1a8rA,PSLSKEAALVHEALVARGLETPLRPPVHEMDNETRKSLIAGHMTEIMQLLNLDLADDSLMETPHRIAKMYVDEIFSGLDYANFPKITLIENKMKVDEMVTVRDITLTSTCESHFVTIDGKATVAYIPKDSVIGLSKINRIVQFFAQRPQVQERLTQQILIALQTLLGTNNVAVSIDAVHYCVKARGIRDATSATTTTSLGGLFKSSQNTRHEFLRAVRHHN
26,1a8yA,GLDFPEYDGVDRVINVNAKNYKNVFKKYEVLALLYHEPPEDDKASQRQFEMEELILELAAQVLEDKGVGFGLVDSEKDAAVAKKLGLTEEDSIYVFKEDEVIEYDGEFSADTLVEFLLDVLEDPVELIEGERELQAFENIEDEIKLIGYFKNKDSEHYKAFKEAAEEFHPYIPFFATFDSKVAKKLTLKLNEIDFYEAFMEEPVTIPDKPNSEEEIVNFVEEHRRSTLRKLKPESMYETWEDDMDGIHIVAFAEEADPDGYEFLEILKSVAQDNTDNPDLSIIWIDPDDFPLLVPYWEKTFDIDLSAPQIGVVNVTDADSVWMEPSAEELEDWLEDVL
27,1a95B,EKYIVTWDMLQIHARKLASRLMPSEQWKGIIAVSRGGLVPGALLARELGIRHVDTVCISSYDHDNQRELKVLKRAEGDGEGFIVIDDLVDTGGTAVAIREMYPKAHFVTIFAKPAGRPLVDDYVVDIPQDTWIEQPWDMGVVFVPPISGR
28,1a98A,EKYIVTWDMLQIHARKLASRLMPSEQWKGIIAVSRGGLVPGALLARELGIRHVDTVAIGDGEGFIVIDDLVDTAVAIREMYPKAHFVTIFAKPAGRPLVDDYVVDIPQDTWIEQPWDMGVVFVPPISGR
29,1a9wE,VHFTAEEKAAVTSLWSKMNVEEAGGEALGRLLVVYPWTQRFFDSFGNLSSPSAILGNPKVKAHGKKVLTSFGDAIKNMDNLKPAFAKLSELHCDKLHVDPENFKLLGNVMVIILATHFGKEFTPEVQAAWQKLVSAVAIALAHKY
30,1a9xB,IKSALLVLEDGTQFHGRAIGATGSAVGEVVFNTSMTGYQEILTDPSYSRQIVTLTYPHIGNVGTNDADEESSQVHAQGLVIRDLPLIASNFRNTEDLSSYLKRHNIVAIADIDTRKLTRLLREKGAQNGCIIAGDNPDAALALEKARAFPGLNGMDLAKEVTTAEAYSWTQGSWTLTGGLPQAKKEDELPFHVVAYDFGAKRNILRMLVDRGCRLTIVPAQTSAEDVLKMNPDGIFLSNGPGDPAPCDYAITAIQKFLETDIPVFGICLGHQLLALASGAKTVKMKFGHHGGNHPVKDVEKNVVMITAQNHGFAVDEATLPANLRVTHKSLFDGTLQGIHRTDKPAFSFQGNPEASPGPHDAAPLFDHFIELIEQYRKT
31,1accA,SSSQGLLGYYFSDLNFQAPMVVTSSTTGDLSIPSSELENIPSENQYFQSAIWSGFIKVKKSDEYTFATSADNHVTMWVDDQEVINSNKIRLEKGRLYQIKIQYQRENPTEKGLDFKLYWTDSQNKKEVISSDNLQLPELKQKSSVPDRDNDGIPDSLEVEGYTVDVKNKRTFLSPWISNIHEKKGLTKYKSSPEKWSTASDPYSDFEKVTGRIDKNVSPEARHPLVAAYPIVHVDMENIILSKNETISKNTSTSRTHTSEVVSAGFSNSNSSTVAIDHSLSLAGGLNTADTARLNANIRYVNTGTAPIYNVLPTTSLVLGKNQTLATIKAKENQLSQILAPNNYYPSKNLAPIALNAQDDFSSTPITMNYNQFLELEKTKQLRLDTDQVYGNIATYNFENGRVRVDTGSNWSEVLPQIQETTARIIFNGKDLNLVERRIAAVNPSTTKPDMTLKEALKIAFGFNEPNGNLQYQGKDITEFDFNFDQQTSQNIKNQLAELNATNIYTVLDKIKLNAKMNILIRDKRFHYDRNNIAVGADESVVKEAHREVINSSTEGLLLNIDKDIRKILSGYIVEIEDTEGLKEVINDRYDMLNISSLRQDGKTFIDFKKYNDKLPLYISNPNYKVNVYAVTKENTIINPSENGDTSTNGIKKILIFSKKGYEIG
32,1ad3A,SISDTVKRAREAFNSGKTRSLQFRIQQLEALQRMINENLKSISGALASDLGKNEWTSYYEEVAHVLEELDTTIKELPDWAEDEPVAKTRQTQQDDLYIHSEPLGVVLVIGAWNYPFNLTIQPMVGAVAAGNAVILKPSEVSGHMADLLATLIPQYMDQNLYLVVKGGVPETTELLKERFDHIMYTGSTAVGKIVMAAAAKHLTPVTLELGGKSPCYVDKDCDLDVACRRIAWGKFMNSGQTCVAPDYILCDPSIQNQIVEKLKKSLKDFYGEDAKQSRDYGRIINDRHFQRVKGLIDNQKVAHGGTWDQSSRYIAPTILVDVDPQSPVMQEEIFGPVMPIVCVRSLEEAIQFINQREKPLALYVFSNNEKVIKKMIAETSSGGVTANDVIVHITVPTLPFGGVGNSGMGAYHGKKSFETFSHRRSCLVKSLLNEEAHKARYPPSPA
33,1adeA,GNNVVVLGTQWGDEGKGKIVDLLTERAKYVVRYQGGHNAGHTLVINGEKTVLHLIPSGILRENVTSIIGNGVVLSPAALMKEMKELEDRGIPVRERLLLSEACPLILDYHVALDNAREKARGAKAIGTTGRGIGPAYEDKVARRGLRVGDLFDKETFAEKLKEVMEYHNFQLVNYYKAEAVDYQKVLDDTMAVADILTSMVVDVSDLLDQARQRGDFVMFEGAQGTLLDIDHGTYPYVTSSNTTAGGVATGSGLGPRYVDYVLGILKAYSTRVGAGPFPTELFDETGEFLCKQGNEFGATTGRRRRTGWLDTVAVRRAVQLNSLSGFCLTKLDVLDGLKEVKLCVAYRMPDGREVTTTPLAADDWKGVEPIYETMPGWSESTFGVKDRSGLPQAALNYIKRIEELTGVPIDIISTGPDRTETMILRDPFDA
34,1af6A,VDFHGYARSGIGWTGSGGEQQCFQTTGAQSKYRLGNECETYAELKLGQEVWKEGDKSFYFDTNVAYSVAQQNDWEATDPAFREANVQGKNLIEWLPGSTIWAGKRFYQRHDVHMIDFYYWDISGPGAGLENIDVGFGKLSLAATRSSEAGGSSSFASNNIYDYTNETANDVFDVRLAQMEINPGGTLELGVDYGRANLRDNYRLVDGASKDGWLFTAEHTQSVLKGFNKFVVQYATDSMTSQGKGLSQGSGVAFDNEKFAYNINNNGHMLRILDHGAISMGDNWDMMYVGMYQDINWDNDNGTKWWTVGIRPMYKWTPIMSTVMEIGYDNVESQRTGDKNNQYKITLAQQWQAGDSIWSRPAIRVFATYAKWDEKWGYDYTGNADNNANFGKAVPADFNGGSFGRGDSDEWTFGAQMEIWW
35,1afsA,MDSISLRVALNDGNFIPVLGFGTTVPEKVAKDEVIKATKIAIDNGFRHFDSAYLYEVEEEVGQAIRSKIEDGTVKREDIFYTSKLWSTFHRPELVRTCLEKTLKSTQLDYVDLYIIHFPMALQPGDIFFPRDEHGKLLFETVDICDTWEAMEKCKDAGLAKSIGVSNFNCRQLERILNKPGLKYKPVCNQVECHLYLNQSKMLDYCKSKDIILVSYCTLGSSRDKTWVDQKSPVLLDDPVLCAIAKKYKQTPALVALRYQLQRGVVPLIRSFNAKRIKELTQVFEFQLASEDMKALDGLNRNFRYNNAKYFDDHPNHPF
36,1afwB,KNSLLEKRPEDVVIVAANRSAIGKGFKGAFKDVNTDYLLYNFLNEFIGRFPEPLRADLNLIEEVACGNVLNVGAGATEHRAACLASGIPYSTPFVALNRQCSSGLTAVNDIANKIKVGQIDIGLALGVESMTNNYKNVNPLGMISSEELQKNREAKKCLIPMGITNENVAANFKISRKDQDEFAANSYQKAYKAKNEGLFEDEILPIKLPDGSICQSDEGPRPNVTAESLSSIRPAFIKDRGTTTAGNASQVSDGVAGVLLARRSVANQLNLPVLGRYIDFQTVGVPPEIMGVGPAYAIPKVLEATGLQVQDIDIFEINEAFAAQALYCIHKLGIDLNKVNPRGGAIALGHPLGCTGARQVATILRELKKDQIGVVSMCIGTGMGAAAIFIKE
37,1ag8A,VPTPNQQPEVLYNQIFINNEWHDAVSKKTFPTVNPSTGDVICHVAEGDKADVDRAVKAARAAFQLGSPWRRMDASERGRLLNRLADLIERDRTYLAALETLDNGKPYIISYLVDLDMVLKCLRYYAGWADKYHGKTIPIDGDYFSYTRHEPVGVCGQIIPWNFPLLMQAWKLGPALATGNVVVMKVAEQTPLTALYVANLIKEAGFPPGVVNVIPGFGPTAGAAIASHEDVDKVAFTGSTEVGHLIQVAAGKSNLKRVTLEIGGKSPNIIMSDADMDWAVEQAHFALFFNQGQCCCAGSRTFVQEDIYAEFVERSVARAKSRVVGNPFDSRTEQGPQVDETQFKKVLGYIKSGKEEGLKLLCGGGAAADRGYFIQPTVFGDLQDGMTIAKEEIFGPVMQILKFKSMEEVVGRANNSKYGLAAAVFTKDLDKANYLSQALQAGTVWVNCYDVFGAQSPFGGYKLSGSGRELGEYGLQAYTEVKTVTVRVPQKNS
38,1ag9A,AITGIFFGSDTGNTENIAKMIQKQLGKDVADVHDIAKSSKEDLEAYDILLLGIPTWYYGEAQCDWDDFFPTLEEIDFNGKLVALFGCGDQEDYAEYFCDALGTIRDIIEPRGATIVGHWPTAGYHFEASKGLADDDHFVGLAIDEDRQPELTAERVEKWVKQISEELHLDEILNA
39,1agiA,AQDDYRYIHFLTQHYDAKPKGRNDEYCFNMMKNRRLTRPCKDRNTFIHGNKNDIKAICEDRNGQPYRGDLRISKSEFQITICKHKGGSSRPPCRYGATEDSRVIVVGCENGLPVHFDESFITPRH
40,1agrE,VSQEEVKKWAESLENLINHECGLAAFKAFLKSEYSEENIDFWISCEEYKKIKSPSKLSPKAKKIYNEFISVQATKEVNLDSCTREETSRNMLEPTITCFDEAQKKIFNLMEKDSYRRFLKSRFYLDLT
41,1ah4A,ASHLVLYTGAKMPILGLGTWKSPPGKVTEAVKVAIDLGYRHIDCAHVYQNENEVGLGLQEKLQGQVVKREDLFIVSKLWCTDHEKNLVKGACQTTLRDLKLDYLDLYLIHWPTGFKPGKDPFPLDGDGNVVPDESDFVETWEAMEELVDEGLVKAIGVSNFNHLQVEKILNKPGLKYKPAVNQIEVHPYLTQEKLIEYCKSKGIVVTAYSPLGSPDRPWAKPEDPSLLEDPRIKAIAAKYNKTTAQVLIRFPMQRNLIVIPKSVTPERIAENFQVFDFELSPEDMNTLLSYNRNWRVCALMSCASHKDYPFHEEY
42,1ah9A,AKEDNIEMQGTVLETLPNTMFRVELENGHVVTAHISGKMRKNYIRILTGDKVTVELTPYDLSKGRIVFRSR
43,1ahrA,ADQLTEEQIAEFKEAFSLFDKDGDGTITTKELGTVMRSLGQNPTEAELQDMINEVDADGNGTIDFPEFLTMMARKMKDSEEEIREAFRVFDKDGNGFISAAELRHVMTNLGEKLTDEEVDEMIREADIDGDGQVNYEEFVTMMTSK
44,1ai1L,DIVMTQSPASLVVSLGQRATISCRASESVDSYGKSFMHWYQQKPGQPPKVLIYIASNLESGVPARFSGSGSRTDFTLTIDPVEADDAATYYCQQNNEDPPTFGAGTKLEMRRADAAPTVSIFPPSSEQLTSGGASVVCFLNNFYPKDINVKWKIDGSERQNGVLNSWTDQDSKDSTYSMSSTLTLTKDEYERHNSYTCEATHKTSTSPIVKSFNR
45,1aifA,DIQLTQSPAFMAASPGEKVTITCSVSSSISSSNLHWYQQKSETSPKPWIYGTSNLASGVPVRFSGSGSGTSYSLTISSMEAEDAATYYCQQWNSYPYTFGGGTKLEIKRADAAPTVSIFPPSSEQLTSGGASVVCFLNNFYPKDINVKWKIDGSERQNGVLNSWTDQDSKDSTYSMSSTLTLTKDEYERHNSYTCEATHKTSTSPIVKSFNRNEC
46,1ainA,GSAVSPYPTFNPSSDVAALHKAIMVKGVDEATIIDILTKRNNAQRQQIKAAYLQETGKPLDETLKKALTGHLEEVVLALLKTPAQFDADELRAAMKGLGTDEDTLIEILASRTNKEIRDINRVYREELKRDLAKDITSDTSGDFRNALLSLAKGDRSEDFGVNEDLADSDARALYEAGERRKGTDVNVFNTILTTRSYPQLRRVFQKYTKYSKHDMNKVLDLELKGDIEKCLTAIVKCATSKPAFFAEKLHQAMKGVGTRHKALIRIMVSRSEIDMNDIKAFYQKMYGISLCQAILDETKGDYEKILVALCGGN
47,1aj0A,MKLFAQGTSLDLSHPHVMGILNVTPDSFSDGGTHNSLIDAVKHANLMINAGATIIDVGGESTRPGAAEVSVEEELQRVIPVVEAIAQRFEVWISVDTSKPEVIRESAKVGAHIINDIRSLSEPGALEAAAETGLPVCLMHMQGNPKTMQEAPKYDDVFAEVNRYFIEQIARCEQAGIAKEKLLLDPGFGFGKNLSHNYSLLARLAEFHHFNLPLLVGMSRKSMIGQLLNVGPSERLSGSLACAVIAAMQGAHIIRVHDVKETVEAMRVVEATLSAKENKRYE
48,1ak5A,AKYYNEPCHTFNEYLLIPGLSTVDCIPSNVNLSTPLVKFQKGQQSEINLKIPLVSAIMQSVSGEKMAIALAREGGISFIFGSQSIESQAAMVHAVKNFKAHNELVDSQKRYLVGAGINTRDFRERVPALVEAGADVLCIDSSDGFSEWQKITIGWIREKYGDKVKVGAGNIVDGEGFRYLADAGADFIKIGIGRGQATAVIDVVAERNKYFEETGIYIPVCSDGGIVYDYHMTLALAMGADFIMLGRYFARFEESPTRKVTINGSVMKEYWGEGSSRGVDSYVPYAGKLKDNVEASLNKVKSTMCNCGALTIPQLQSKAKITLVSSVSI
49,1akoA,MKFVSFNINGLRARPHQLEAIVEKHQPDVIGLQETKVHDDMFPLEEVAKLGYNVFYHGQKGHYGVALLTKETPIAVRRGFPGDDEEAQRRIIMAEIPSLLGNVTVINGYFPQGESRDHPIKFPAKAQFYQNLQNYLETELKRDNPVLIMGDMNISPTDLDIGIGEENRKRWLRTGKCSFLPEEREWMDRLMSWGLVDTFRHANPQTADRFSWFDYRSKGFDDNRGLRIDLLLASQPLAECCVETGIDYEIRSMEKPSDHAPVWATFRR
50,1akyA,ESIRMVLIGPPGAGKGTQAPNLQERFHAAHLATGDMLRSQIAKGTQLGLEAKKIMDQGGLVSDDIMVNMIKDELTNNPACKNGFILDGFPRTIPQAEKLDQMLKEQGTPLEKAIELKVDDELLVARITGRLIHPASGRSYHKIFNPPKEDMKDDVTGEALVQRSDDNADALKKRLAAYHAQTEPIVDFYKKTGIWAGVDASQPPATVWADILNKLGKN
51,1am7A,MVEINNQRKAFLDMLAWSEGTDNGRQKTRNHGYDVIVGGELFTDYSDHPRKLVTLNPKLKSTGAGRYQLLSRWWDAYRKQLGLKDFSPKSQDAVALQQIKERGALPMIDRGDIRQAIDRCSNIWASLPGAGYGQFEHKADSLIAKFKEAGGTVR
52,1ammA,GKITFYEDRGFQGHCYECSSDCPNLQPYFSRCNSIRVDSGCWMLYERPNYQGHQYFLRRGDYPDYQQWMGFNDSIRSCRLIPQHTGTFRMRIYERDDFRGQMSEITDDCPSLQDRFHLTEVHSLNVLEGSWVLYEMPSYRGRQYLLRPGEYRRYLDWGAMNAKVGSLRRVMDFY
53,1anfA,KIEEGKLVIWINGDKGYNGLAEVGKKFEKDTGIKVTVEHPDKLEEKFPQVAATGDGPDIIFWAHDRFGGYAQSGLLAEITPDKAFQDKLYPFTWDAVRYNGKLIAYPIAVEALSLIYNKDLLPNPPKTWEEIPALDKELKAKGKSALMFNLQEPYFTWPLIAADGGYAFKYENGKYDIKDVGVDNAGAKAGLTFLVDLIKNKHMNADTDYSIAEAAFNKGETAMTINGPWAWSNIDTSKVNYGVTVLPTFKGQPSKPFVGVLSAGINAASPNKELAKEFLENYLLTDEGLEAVNKDKPLGAVALKSYEEELAKDPRIAATMENAQKGEIMPNIPQMSAFWYAVRTAVINAASGRQTVDEALKDAQTRITK
54,1anxA,QVLRGTVTDFPGFDERADAETLRKAMKGLGTDEESILTLLTSRSNAQRQEISAAFKTLFGRDLLDDLKSELTGKFEKLIVALMKPSRLYDAYELKHALKGAGTNEKVLTEIIASRTPEELRAIKQVYEEEYGSSLEDDVVGDTSGYYQRMLVVLLQANRDPDAGIDEAQVEQDAQALFQAGELKWGTDEEKFITIFGTRSVSHLRKVFDKYMTISGFQIEETIDRETSGNLEQLLLAVVKSIRSIPAYLAETLYYAMKGAGTDDHTLIRVMVSRSEIDLFNIRKEFRKNFATSLYSMIKGDTSGDYKKALLLLCGE
55,1ao5A,VVGGFNCEKNSQPWQVAVYYQKEHICGGVLLDRNWVLTAAHCYVDQYEVWLGKNKLFQEEPSAQHRLVSKSFPHPGFNMSLLMLQTIPPGADFSDDLMLLRLSKPADITDVVKPIALPTKEPKPGSKCLASGWGSITPTWQKPDDLQCVFITLLPNENCAKVYLQKVTDVMLCAGEMGGGKDTCRDDSGGPLICDGILQGTTSYGPVPCGKPGVPAIYTNLIKFNSWIKDTMMKNA
56,1ap8A,MSVEEVSKKFEENVSVDDTTATPKTVLSDSAHFDVKHPLNTKWTLWYTKPAVDKSESWSDLLRPVTSFQTVEEFWAIIQNIPEPHELPLKSDYHVFRNDVRPEWEDEANAKGGKWSFQLRGKGADIDELWLRTLLAVIGETIDEDDSQINGVVLSIRKGGNKFALWTKSEDKEPLLRIGGKFKQVLKLTDDGHLEFFPHSSANGRHPQPSITL
57,1apsA,STARPLKSVDYEVFGRVQGVCFRMYAEDEARKIGVVGWVKNTSKGTVTGQVQGPEEKVNSMKSWLSKVGSPSSRIDRTNFSNEKTISKLEYSNFSVRY
58,1aqfE,IQTQQLHAAMADTFLEHMCRLDIDSAPITARNTGIICTIGPASRSVETLKEMIKSGMNVARMNFSHGTHEYHAETIKNVRTATESFASDPILYRPVAVALDTKGPEPGAAVDLPAVSEKDIQDLKFGVEQDVDMVFASFIRKAADVHEVRKILGEKGKNIKIISKIENHEGVRRFDEILEASDGIMVARGDLGIEIPAEKVFLAQKMIIGRCNRAGKPVICATQMLESMIKKPRPTRAEGSDVANAVLDGADCIMLSGETAKGDYPLEAVRMQHLIAREAEAAMFHRKLFEELARSSSHSTDLMEAMAMGSVEASYKCLAAALIVLTESGRSAHQVARYRPRAPIIAVTRNHQTARQAHLYRGIFPVVCKDPVQEAWAEDVDLRVNLAMNVGKARGFFKKGDVVIVLTGWRPGSGFTNTMRVVPVP
59,1aqkL,ENVLTQPPSVSGAPGQRVTISCTGSNSNIGAGFTVHWYQHLPGTAPKLLIFANTNRPSGVPDRFSGSKSGTSASLAITGLQAEDEADYYCQSYDSSLSARFGGGTRLTVLGQPKAAPSVTLFPPSSEELQANKATLVCLISDFYPGAVTVAWKADSSPVNAGVETTKPSKQSNNKYAASSYLSLTPEQWKSHKSYSCQVTHEGSTVEKTVAPAECS
60,1aquA,EYYEVFGEFRGVLMDKRFTKYWEDVEMFLARPDDLVIATYPKSGTTWISEVVYMIYKEGDAIFNRIPYLECRNEDLINGIKQLKEKESPRIVKTHLPPKLLPASFWEKNCKMIYLCRNAKDVAVSYYYFLLMITSYPNPKSFSEFVEKFMQGQVPYGSWYDHVKAWWEKSKNSRVLFMFYEDMKEDIRREVVKLIEFLERKPSAELVDRIIQHTSFQEMKNNPSTNYTMMPEEMMNQKVSPFMRKGIIGDWKNHFPEALRERFDEHYKQQMKDCTVKFRME
61,1athB,PMCIYVWELSKANSRFATTFYQHLADSKNDNDNIFLSPLSISTAFAMTKLGACNDTLQQLMEVFKFDTISDQIHFFFAKLNCRLYRSKLVSANRLFGDKSLTFNETYQDISELVYGAKLQPLDFKENAEQSRAAINKWVSNKTEGRITDVIPSEAINELTVLVLVNTIYFKGLWKSKFSPENTRKELFYKADGESCSASMMYQEGKFRYRRVAEGTQVLELPFKGDDITMVLILPKPLAKVEKELTPEVLQEWLDELEEMMLVVHMPRFRIEDGFSLKEQLQDMGLVDLFSPEKSKLPGIVLYVSDAFHKAFLEVNEEGSEAAASTAVVIAGRSLNNRPFLVFIREVPLNTIIFMGRVANPC
62,1atiA,AASSLDELVALCKRRGFIFQSSEIYGGLQGVYDYGPLGVELKNNLKQAWWRRNVYERDDMEGLDASVLTHRLVLHYSGHEATFADPMVDNWTPPRYFNMMFQDLRGPRGGRGLLAYLRPETAQGIFVNFKNVLDATSRKLGFGIAQIGKAFRNEITPRNFIFRVREFEQMEIEYFVRPGEDEYWHRYWVEERLKWWQEMGLSRENLVPYQQPPESSAHYAKATVDILYRFPHGSLELEGIAQRTDFDLGSHTKDQEALGITARVLRNEHSTQRLAYRDPETGKWFVPYVIEPSAGVDRGVLALLAEAFTREELPNGEERIVLKLKPQLAPIKVAVIPLVKNRPEITEYAKRLKARLLALGLGRVLYEDTGNIGKAYRRHDEVGTPFAVTVDYDTIGQSKDGTTRLKDTVTVRDRDTMEQIRLHVDELEGFLRERLRW
63,1attA,VEDVCTAKPRDIPVNPMCIYRATEGQGSEQKIPGATNRRVWELSKANSHFATAFYQHLADSKNNNDNIFLSPLSISTAFAMTKLGACNNTLTQLMEVFKFDTISEKTSDQIHFFFAKLNCRLYRKANKSSELVSANRLFGDKSITFNETYQDISEVVYGAKLQPLDFKGNAEQSRLTINQWISNKTEGRITDVIPPQAINEFTVLVLVNTIYFKGLWKSKFSPENTRKELFYKADGESCSVLMMYQESKFRYRRVAESTQVLELPFKGDDITMVLILPKLEKTLAKVEQELTPDMLQEWLDELTETLLVVHMPRFRIEDSFSVKEQLQDMGLEDLFSPEKSRLPGIVAEGRSDLYVSDAFHKAFLEVNEEGSEAAASTVISIAGRSRVTFKANRPFLVLIREVALNTIIFMGRVANPCVD
